[
  {
    "model": "crm.specialty",
    "pk": 1,
    "fields": {
      "name": "Моторист"
    }
  },
  {
    "model": "crm.specialty",
    "pk": 2,
    "fields": {
      "name": "Електрик"
    }
  },
  {
    "model": "crm.specialty",
    "pk": 3,
    "fields": {
      "name": "Ходовик"
    }
  },
  {
    "model": "crm.specialty",
    "pk": 4,
    "fields": {
      "name": "Кузовщик"
    }
  },
  {
    "model": "crm.specialty",
    "pk": 5,
    "fields": {
      "name": "Діагност"
    }
  },
  {
    "model": "crm.servicecategory",
    "pk": 1,
    "fields": {
      "name": "Діагностика",
      "hour_cost": 450
    }
  },
  {
    "model": "crm.servicecategory",
    "pk": 2,
    "fields": {
      "name": "Ремонт двигуна",
      "hour_cost": 950
    }
  },
  {
    "model": "crm.servicecategory",
    "pk": 3,
    "fields": {
      "name": "Ходова",
      "hour_cost": 400
    }
  },
  {
    "model": "crm.worker",
    "pk": 1,
    "fields": {
      "username": "admin_pavlo",
      "is_superuser": true,
      "is_staff": true,
      "is_active": true,
      "password": "pbkdf2_sha256$600000$879HAn0HqYnC$V9U8U8U8U8U8U8U8U8U8U8U8U8U8U8U8U8U8U8U8U8U=",
      "first_name": "Павло",
      "last_name": "Адмін",
      "specialty": 4
    }
  },
  {
    "model": "crm.worker",
    "pk": 2,
    "fields": {
      "username": "worker_2",
      "is_superuser": false,
      "is_staff": true,
      "is_active": true,
      "password": "pbkdf2_sha256$600000$879HAn0HqYnC$V9U8U8U8U8U8U8U8U8U8U8U8U8U8U8U8U8U8U8U8U8U=",
      "first_name": "Worker_2",
      "last_name": "Тестовий",
      "specialty": 4
    }
  },
  {
    "model": "crm.worker",
    "pk": 3,
    "fields": {
      "username": "worker_3",
      "is_superuser": false,
      "is_staff": true,
      "is_active": true,
      "password": "pbkdf2_sha256$600000$879HAn0HqYnC$V9U8U8U8U8U8U8U8U8U8U8U8U8U8U8U8U8U8U8U8U8U=",
      "first_name": "Worker_3",
      "last_name": "Тестовий",
      "specialty": 5
    }
  },
  {
    "model": "crm.worker",
    "pk": 4,
    "fields": {
      "username": "worker_4",
      "is_superuser": false,
      "is_staff": true,
      "is_active": true,
      "password": "pbkdf2_sha256$600000$879HAn0HqYnC$V9U8U8U8U8U8U8U8U8U8U8U8U8U8U8U8U8U8U8U8U8U=",
      "first_name": "Worker_4",
      "last_name": "Тестовий",
      "specialty": 3
    }
  },
  {
    "model": "crm.worker",
    "pk": 5,
    "fields": {
      "username": "worker_5",
      "is_superuser": false,
      "is_staff": true,
      "is_active": true,
      "password": "pbkdf2_sha256$600000$879HAn0HqYnC$V9U8U8U8U8U8U8U8U8U8U8U8U8U8U8U8U8U8U8U8U8U=",
      "first_name": "Worker_5",
      "last_name": "Тестовий",
      "specialty": 5
    }
  },
  {
    "model": "crm.worker",
    "pk": 6,
    "fields": {
      "username": "worker_6",
      "is_superuser": false,
      "is_staff": true,
      "is_active": true,
      "password": "pbkdf2_sha256$600000$879HAn0HqYnC$V9U8U8U8U8U8U8U8U8U8U8U8U8U8U8U8U8U8U8U8U8U=",
      "first_name": "Worker_6",
      "last_name": "Тестовий",
      "specialty": 5
    }
  },
  {
    "model": "crm.worker",
    "pk": 7,
    "fields": {
      "username": "worker_7",
      "is_superuser": false,
      "is_staff": true,
      "is_active": true,
      "password": "pbkdf2_sha256$600000$879HAn0HqYnC$V9U8U8U8U8U8U8U8U8U8U8U8U8U8U8U8U8U8U8U8U8U=",
      "first_name": "Worker_7",
      "last_name": "Тестовий",
      "specialty": 2
    }
  },
  {
    "model": "crm.worker",
    "pk": 8,
    "fields": {
      "username": "worker_8",
      "is_superuser": false,
      "is_staff": true,
      "is_active": true,
      "password": "pbkdf2_sha256$600000$879HAn0HqYnC$V9U8U8U8U8U8U8U8U8U8U8U8U8U8U8U8U8U8U8U8U8U=",
      "first_name": "Worker_8",
      "last_name": "Тестовий",
      "specialty": 2
    }
  },
  {
    "model": "crm.worker",
    "pk": 9,
    "fields": {
      "username": "worker_9",
      "is_superuser": false,
      "is_staff": true,
      "is_active": true,
      "password": "pbkdf2_sha256$600000$879HAn0HqYnC$V9U8U8U8U8U8U8U8U8U8U8U8U8U8U8U8U8U8U8U8U8U=",
      "first_name": "Worker_9",
      "last_name": "Тестовий",
      "specialty": 2
    }
  },
  {
    "model": "crm.worker",
    "pk": 10,
    "fields": {
      "username": "worker_10",
      "is_superuser": false,
      "is_staff": true,
      "is_active": true,
      "password": "pbkdf2_sha256$600000$879HAn0HqYnC$V9U8U8U8U8U8U8U8U8U8U8U8U8U8U8U8U8U8U8U8U8U=",
      "first_name": "Worker_10",
      "last_name": "Тестовий",
      "specialty": 2
    }
  },
  {
    "model": "crm.worker",
    "pk": 11,
    "fields": {
      "username": "worker_11",
      "is_superuser": false,
      "is_staff": true,
      "is_active": true,
      "password": "pbkdf2_sha256$600000$879HAn0HqYnC$V9U8U8U8U8U8U8U8U8U8U8U8U8U8U8U8U8U8U8U8U8U=",
      "first_name": "Worker_11",
      "last_name": "Тестовий",
      "specialty": 2
    }
  },
  {
    "model": "crm.worker",
    "pk": 12,
    "fields": {
      "username": "worker_12",
      "is_superuser": false,
      "is_staff": true,
      "is_active": true,
      "password": "pbkdf2_sha256$600000$879HAn0HqYnC$V9U8U8U8U8U8U8U8U8U8U8U8U8U8U8U8U8U8U8U8U8U=",
      "first_name": "Worker_12",
      "last_name": "Тестовий",
      "specialty": 4
    }
  },
  {
    "model": "crm.worker",
    "pk": 13,
    "fields": {
      "username": "worker_13",
      "is_superuser": false,
      "is_staff": true,
      "is_active": true,
      "password": "pbkdf2_sha256$600000$879HAn0HqYnC$V9U8U8U8U8U8U8U8U8U8U8U8U8U8U8U8U8U8U8U8U8U=",
      "first_name": "Worker_13",
      "last_name": "Тестовий",
      "specialty": 4
    }
  },
  {
    "model": "crm.worker",
    "pk": 14,
    "fields": {
      "username": "worker_14",
      "is_superuser": false,
      "is_staff": true,
      "is_active": true,
      "password": "pbkdf2_sha256$600000$879HAn0HqYnC$V9U8U8U8U8U8U8U8U8U8U8U8U8U8U8U8U8U8U8U8U8U=",
      "first_name": "Worker_14",
      "last_name": "Тестовий",
      "specialty": 2
    }
  },
  {
    "model": "crm.worker",
    "pk": 15,
    "fields": {
      "username": "worker_15",
      "is_superuser": false,
      "is_staff": true,
      "is_active": true,
      "password": "pbkdf2_sha256$600000$879HAn0HqYnC$V9U8U8U8U8U8U8U8U8U8U8U8U8U8U8U8U8U8U8U8U8U=",
      "first_name": "Worker_15",
      "last_name": "Тестовий",
      "specialty": 4
    }
  },
  {
    "model": "crm.worker",
    "pk": 16,
    "fields": {
      "username": "worker_16",
      "is_superuser": false,
      "is_staff": true,
      "is_active": true,
      "password": "pbkdf2_sha256$600000$879HAn0HqYnC$V9U8U8U8U8U8U8U8U8U8U8U8U8U8U8U8U8U8U8U8U8U=",
      "first_name": "Worker_16",
      "last_name": "Тестовий",
      "specialty": 4
    }
  },
  {
    "model": "crm.worker",
    "pk": 17,
    "fields": {
      "username": "worker_17",
      "is_superuser": false,
      "is_staff": true,
      "is_active": true,
      "password": "pbkdf2_sha256$600000$879HAn0HqYnC$V9U8U8U8U8U8U8U8U8U8U8U8U8U8U8U8U8U8U8U8U8U=",
      "first_name": "Worker_17",
      "last_name": "Тестовий",
      "specialty": 3
    }
  },
  {
    "model": "crm.worker",
    "pk": 18,
    "fields": {
      "username": "worker_18",
      "is_superuser": false,
      "is_staff": true,
      "is_active": true,
      "password": "pbkdf2_sha256$600000$879HAn0HqYnC$V9U8U8U8U8U8U8U8U8U8U8U8U8U8U8U8U8U8U8U8U8U=",
      "first_name": "Worker_18",
      "last_name": "Тестовий",
      "specialty": 5
    }
  },
  {
    "model": "crm.worker",
    "pk": 19,
    "fields": {
      "username": "worker_19",
      "is_superuser": false,
      "is_staff": true,
      "is_active": true,
      "password": "pbkdf2_sha256$600000$879HAn0HqYnC$V9U8U8U8U8U8U8U8U8U8U8U8U8U8U8U8U8U8U8U8U8U=",
      "first_name": "Worker_19",
      "last_name": "Тестовий",
      "specialty": 4
    }
  },
  {
    "model": "crm.worker",
    "pk": 20,
    "fields": {
      "username": "worker_20",
      "is_superuser": false,
      "is_staff": true,
      "is_active": true,
      "password": "pbkdf2_sha256$600000$879HAn0HqYnC$V9U8U8U8U8U8U8U8U8U8U8U8U8U8U8U8U8U8U8U8U8U=",
      "first_name": "Worker_20",
      "last_name": "Тестовий",
      "specialty": 5
    }
  },
  {
    "model": "crm.client",
    "pk": 1,
    "fields": {
      "model": "Test Car",
      "license_plate": "BC2231HT",
      "owner_name": "Клієнт 1",
      "phone_number": "0672827430"
    }
  },
  {
    "model": "crm.client",
    "pk": 2,
    "fields": {
      "model": "Test Car",
      "license_plate": "BC5385HT",
      "owner_name": "Клієнт 2",
      "phone_number": "0967501776"
    }
  },
  {
    "model": "crm.client",
    "pk": 3,
    "fields": {
      "model": "Test Car",
      "license_plate": "BC9854HT",
      "owner_name": "Клієнт 3",
      "phone_number": "0507297408"
    }
  },
  {
    "model": "crm.client",
    "pk": 4,
    "fields": {
      "model": "Test Car",
      "license_plate": "BC8510HT",
      "owner_name": "Клієнт 4",
      "phone_number": "0507867493"
    }
  },
  {
    "model": "crm.client",
    "pk": 5,
    "fields": {
      "model": "Test Car",
      "license_plate": "BC8658HT",
      "owner_name": "Клієнт 5",
      "phone_number": "0676952424"
    }
  },
  {
    "model": "crm.client",
    "pk": 6,
    "fields": {
      "model": "Test Car",
      "license_plate": "BC9661HT",
      "owner_name": "Клієнт 6",
      "phone_number": "0974575252"
    }
  },
  {
    "model": "crm.client",
    "pk": 7,
    "fields": {
      "model": "Test Car",
      "license_plate": "BC1656HT",
      "owner_name": "Клієнт 7",
      "phone_number": "0934071632"
    }
  },
  {
    "model": "crm.client",
    "pk": 8,
    "fields": {
      "model": "Test Car",
      "license_plate": "BC2946HT",
      "owner_name": "Клієнт 8",
      "phone_number": "0631773339"
    }
  },
  {
    "model": "crm.client",
    "pk": 9,
    "fields": {
      "model": "Test Car",
      "license_plate": "BC9270HT",
      "owner_name": "Клієнт 9",
      "phone_number": "0507036351"
    }
  },
  {
    "model": "crm.client",
    "pk": 10,
    "fields": {
      "model": "Test Car",
      "license_plate": "BC3850HT",
      "owner_name": "Клієнт 10",
      "phone_number": "0931105298"
    }
  },
  {
    "model": "crm.client",
    "pk": 11,
    "fields": {
      "model": "Test Car",
      "license_plate": "BC6335HT",
      "owner_name": "Клієнт 11",
      "phone_number": "0938549524"
    }
  },
  {
    "model": "crm.client",
    "pk": 12,
    "fields": {
      "model": "Test Car",
      "license_plate": "BC7176HT",
      "owner_name": "Клієнт 12",
      "phone_number": "0633446200"
    }
  },
  {
    "model": "crm.client",
    "pk": 13,
    "fields": {
      "model": "Test Car",
      "license_plate": "BC8767HT",
      "owner_name": "Клієнт 13",
      "phone_number": "0505427739"
    }
  },
  {
    "model": "crm.client",
    "pk": 14,
    "fields": {
      "model": "Test Car",
      "license_plate": "BC9760HT",
      "owner_name": "Клієнт 14",
      "phone_number": "0977159880"
    }
  },
  {
    "model": "crm.client",
    "pk": 15,
    "fields": {
      "model": "Test Car",
      "license_plate": "BC1499HT",
      "owner_name": "Клієнт 15",
      "phone_number": "0635893803"
    }
  },
  {
    "model": "crm.client",
    "pk": 16,
    "fields": {
      "model": "Test Car",
      "license_plate": "BC8066HT",
      "owner_name": "Клієнт 16",
      "phone_number": "0935724138"
    }
  },
  {
    "model": "crm.client",
    "pk": 17,
    "fields": {
      "model": "Test Car",
      "license_plate": "BC2621HT",
      "owner_name": "Клієнт 17",
      "phone_number": "0501758581"
    }
  },
  {
    "model": "crm.client",
    "pk": 18,
    "fields": {
      "model": "Test Car",
      "license_plate": "BC1468HT",
      "owner_name": "Клієнт 18",
      "phone_number": "0675786255"
    }
  },
  {
    "model": "crm.client",
    "pk": 19,
    "fields": {
      "model": "Test Car",
      "license_plate": "BC3496HT",
      "owner_name": "Клієнт 19",
      "phone_number": "0677027531"
    }
  },
  {
    "model": "crm.client",
    "pk": 20,
    "fields": {
      "model": "Test Car",
      "license_plate": "BC5201HT",
      "owner_name": "Клієнт 20",
      "phone_number": "0675330210"
    }
  },
  {
    "model": "crm.client",
    "pk": 21,
    "fields": {
      "model": "Test Car",
      "license_plate": "BC5281HT",
      "owner_name": "Клієнт 21",
      "phone_number": "0934799889"
    }
  },
  {
    "model": "crm.client",
    "pk": 22,
    "fields": {
      "model": "Test Car",
      "license_plate": "BC6534HT",
      "owner_name": "Клієнт 22",
      "phone_number": "0936650249"
    }
  },
  {
    "model": "crm.client",
    "pk": 23,
    "fields": {
      "model": "Test Car",
      "license_plate": "BC5027HT",
      "owner_name": "Клієнт 23",
      "phone_number": "0969260546"
    }
  },
  {
    "model": "crm.client",
    "pk": 24,
    "fields": {
      "model": "Test Car",
      "license_plate": "BC8821HT",
      "owner_name": "Клієнт 24",
      "phone_number": "0968888618"
    }
  },
  {
    "model": "crm.client",
    "pk": 25,
    "fields": {
      "model": "Test Car",
      "license_plate": "BC3811HT",
      "owner_name": "Клієнт 25",
      "phone_number": "0504587823"
    }
  },
  {
    "model": "crm.client",
    "pk": 26,
    "fields": {
      "model": "Test Car",
      "license_plate": "BC2619HT",
      "owner_name": "Клієнт 26",
      "phone_number": "0635086189"
    }
  },
  {
    "model": "crm.client",
    "pk": 27,
    "fields": {
      "model": "Test Car",
      "license_plate": "BC4136HT",
      "owner_name": "Клієнт 27",
      "phone_number": "0670328005"
    }
  },
  {
    "model": "crm.client",
    "pk": 28,
    "fields": {
      "model": "Test Car",
      "license_plate": "BC3341HT",
      "owner_name": "Клієнт 28",
      "phone_number": "0939910939"
    }
  },
  {
    "model": "crm.client",
    "pk": 29,
    "fields": {
      "model": "Test Car",
      "license_plate": "BC2859HT",
      "owner_name": "Клієнт 29",
      "phone_number": "0501291548"
    }
  },
  {
    "model": "crm.client",
    "pk": 30,
    "fields": {
      "model": "Test Car",
      "license_plate": "BC1148HT",
      "owner_name": "Клієнт 30",
      "phone_number": "0670340093"
    }
  },
  {
    "model": "crm.order",
    "pk": 1,
    "fields": {
      "category": 2,
      "client": 17,
      "description": "Тестове замовлення",
      "is_completed": true,
      "performers": [
        6
      ],
      "norm_hours": 2.5,
      "date": "2026-05-12"
    }
  },
  {
    "model": "crm.order",
    "pk": 2,
    "fields": {
      "category": 1,
      "client": 9,
      "description": "Тестове замовлення",
      "is_completed": true,
      "performers": [
        10
      ],
      "norm_hours": 2.5,
      "date": "2026-05-12"
    }
  },
  {
    "model": "crm.order",
    "pk": 3,
    "fields": {
      "category": 3,
      "client": 26,
      "description": "Тестове замовлення",
      "is_completed": true,
      "performers": [
        16
      ],
      "norm_hours": 2.5,
      "date": "2026-05-12"
    }
  },
  {
    "model": "crm.order",
    "pk": 4,
    "fields": {
      "category": 3,
      "client": 24,
      "description": "Тестове замовлення",
      "is_completed": false,
      "performers": [
        13
      ],
      "norm_hours": 2.5,
      "date": "2026-05-12"
    }
  },
  {
    "model": "crm.order",
    "pk": 5,
    "fields": {
      "category": 3,
      "client": 10,
      "description": "Тестове замовлення",
      "is_completed": true,
      "performers": [
        20
      ],
      "norm_hours": 2.5,
      "date": "2026-05-12"
    }
  },
  {
    "model": "crm.order",
    "pk": 6,
    "fields": {
      "category": 3,
      "client": 25,
      "description": "Тестове замовлення",
      "is_completed": false,
      "performers": [
        10
      ],
      "norm_hours": 2.5,
      "date": "2026-05-12"
    }
  },
  {
    "model": "crm.order",
    "pk": 7,
    "fields": {
      "category": 2,
      "client": 24,
      "description": "Тестове замовлення",
      "is_completed": false,
      "performers": [
        16
      ],
      "norm_hours": 2.5,
      "date": "2026-05-12"
    }
  },
  {
    "model": "crm.order",
    "pk": 8,
    "fields": {
      "category": 1,
      "client": 21,
      "description": "Тестове замовлення",
      "is_completed": true,
      "performers": [
        14
      ],
      "norm_hours": 2.5,
      "date": "2026-05-12"
    }
  },
  {
    "model": "crm.order",
    "pk": 9,
    "fields": {
      "category": 1,
      "client": 27,
      "description": "Тестове замовлення",
      "is_completed": false,
      "performers": [
        20
      ],
      "norm_hours": 2.5,
      "date": "2026-05-12"
    }
  },
  {
    "model": "crm.order",
    "pk": 10,
    "fields": {
      "category": 3,
      "client": 21,
      "description": "Тестове замовлення",
      "is_completed": false,
      "performers": [
        16
      ],
      "norm_hours": 2.5,
      "date": "2026-05-12"
    }
  },
  {
    "model": "crm.order",
    "pk": 11,
    "fields": {
      "category": 3,
      "client": 16,
      "description": "Тестове замовлення",
      "is_completed": true,
      "performers": [
        8
      ],
      "norm_hours": 2.5,
      "date": "2026-05-12"
    }
  },
  {
    "model": "crm.order",
    "pk": 12,
    "fields": {
      "category": 1,
      "client": 13,
      "description": "Тестове замовлення",
      "is_completed": false,
      "performers": [
        10
      ],
      "norm_hours": 2.5,
      "date": "2026-05-12"
    }
  },
  {
    "model": "crm.order",
    "pk": 13,
    "fields": {
      "category": 3,
      "client": 19,
      "description": "Тестове замовлення",
      "is_completed": false,
      "performers": [
        8
      ],
      "norm_hours": 2.5,
      "date": "2026-05-12"
    }
  },
  {
    "model": "crm.order",
    "pk": 14,
    "fields": {
      "category": 2,
      "client": 5,
      "description": "Тестове замовлення",
      "is_completed": true,
      "performers": [
        3
      ],
      "norm_hours": 2.5,
      "date": "2026-05-12"
    }
  },
  {
    "model": "crm.order",
    "pk": 15,
    "fields": {
      "category": 3,
      "client": 8,
      "description": "Тестове замовлення",
      "is_completed": true,
      "performers": [
        14
      ],
      "norm_hours": 2.5,
      "date": "2026-05-12"
    }
  },
  {
    "model": "crm.order",
    "pk": 16,
    "fields": {
      "category": 3,
      "client": 14,
      "description": "Тестове замовлення",
      "is_completed": true,
      "performers": [
        4
      ],
      "norm_hours": 2.5,
      "date": "2026-05-12"
    }
  },
  {
    "model": "crm.order",
    "pk": 17,
    "fields": {
      "category": 1,
      "client": 19,
      "description": "Тестове замовлення",
      "is_completed": false,
      "performers": [
        6
      ],
      "norm_hours": 2.5,
      "date": "2026-05-12"
    }
  },
  {
    "model": "crm.order",
    "pk": 18,
    "fields": {
      "category": 3,
      "client": 11,
      "description": "Тестове замовлення",
      "is_completed": false,
      "performers": [
        7
      ],
      "norm_hours": 2.5,
      "date": "2026-05-12"
    }
  },
  {
    "model": "crm.order",
    "pk": 19,
    "fields": {
      "category": 2,
      "client": 24,
      "description": "Тестове замовлення",
      "is_completed": false,
      "performers": [
        13
      ],
      "norm_hours": 2.5,
      "date": "2026-05-12"
    }
  },
  {
    "model": "crm.order",
    "pk": 20,
    "fields": {
      "category": 1,
      "client": 6,
      "description": "Тестове замовлення",
      "is_completed": true,
      "performers": [
        7
      ],
      "norm_hours": 2.5,
      "date": "2026-05-12"
    }
  },
  {
    "model": "crm.order",
    "pk": 21,
    "fields": {
      "category": 2,
      "client": 1,
      "description": "Тестове замовлення",
      "is_completed": false,
      "performers": [
        5
      ],
      "norm_hours": 2.5,
      "date": "2026-05-12"
    }
  },
  {
    "model": "crm.order",
    "pk": 22,
    "fields": {
      "category": 2,
      "client": 7,
      "description": "Тестове замовлення",
      "is_completed": true,
      "performers": [
        14
      ],
      "norm_hours": 2.5,
      "date": "2026-05-12"
    }
  },
  {
    "model": "crm.order",
    "pk": 23,
    "fields": {
      "category": 3,
      "client": 3,
      "description": "Тестове замовлення",
      "is_completed": false,
      "performers": [
        7
      ],
      "norm_hours": 2.5,
      "date": "2026-05-12"
    }
  },
  {
    "model": "crm.order",
    "pk": 24,
    "fields": {
      "category": 2,
      "client": 15,
      "description": "Тестове замовлення",
      "is_completed": true,
      "performers": [
        7
      ],
      "norm_hours": 2.5,
      "date": "2026-05-12"
    }
  },
  {
    "model": "crm.order",
    "pk": 25,
    "fields": {
      "category": 2,
      "client": 20,
      "description": "Тестове замовлення",
      "is_completed": false,
      "performers": [
        7
      ],
      "norm_hours": 2.5,
      "date": "2026-05-12"
    }
  },
  {
    "model": "crm.order",
    "pk": 26,
    "fields": {
      "category": 1,
      "client": 2,
      "description": "Тестове замовлення",
      "is_completed": true,
      "performers": [
        11
      ],
      "norm_hours": 2.5,
      "date": "2026-05-12"
    }
  },
  {
    "model": "crm.order",
    "pk": 27,
    "fields": {
      "category": 3,
      "client": 7,
      "description": "Тестове замовлення",
      "is_completed": true,
      "performers": [
        1
      ],
      "norm_hours": 2.5,
      "date": "2026-05-12"
    }
  },
  {
    "model": "crm.order",
    "pk": 28,
    "fields": {
      "category": 3,
      "client": 8,
      "description": "Тестове замовлення",
      "is_completed": false,
      "performers": [
        1
      ],
      "norm_hours": 2.5,
      "date": "2026-05-12"
    }
  },
  {
    "model": "crm.order",
    "pk": 29,
    "fields": {
      "category": 2,
      "client": 23,
      "description": "Тестове замовлення",
      "is_completed": false,
      "performers": [
        19
      ],
      "norm_hours": 2.5,
      "date": "2026-05-12"
    }
  },
  {
    "model": "crm.order",
    "pk": 30,
    "fields": {
      "category": 1,
      "client": 8,
      "description": "Тестове замовлення",
      "is_completed": true,
      "performers": [
        16
      ],
      "norm_hours": 2.5,
      "date": "2026-05-12"
    }
  },
  {
    "model": "crm.order",
    "pk": 31,
    "fields": {
      "category": 3,
      "client": 7,
      "description": "Тестове замовлення",
      "is_completed": false,
      "performers": [
        8
      ],
      "norm_hours": 2.5,
      "date": "2026-05-12"
    }
  },
  {
    "model": "crm.order",
    "pk": 32,
    "fields": {
      "category": 1,
      "client": 10,
      "description": "Тестове замовлення",
      "is_completed": true,
      "performers": [
        12
      ],
      "norm_hours": 2.5,
      "date": "2026-05-12"
    }
  },
  {
    "model": "crm.order",
    "pk": 33,
    "fields": {
      "category": 1,
      "client": 16,
      "description": "Тестове замовлення",
      "is_completed": false,
      "performers": [
        17
      ],
      "norm_hours": 2.5,
      "date": "2026-05-12"
    }
  },
  {
    "model": "crm.order",
    "pk": 34,
    "fields": {
      "category": 3,
      "client": 8,
      "description": "Тестове замовлення",
      "is_completed": true,
      "performers": [
        3
      ],
      "norm_hours": 2.5,
      "date": "2026-05-12"
    }
  },
  {
    "model": "crm.order",
    "pk": 35,
    "fields": {
      "category": 3,
      "client": 26,
      "description": "Тестове замовлення",
      "is_completed": true,
      "performers": [
        14
      ],
      "norm_hours": 2.5,
      "date": "2026-05-12"
    }
  },
  {
    "model": "crm.order",
    "pk": 36,
    "fields": {
      "category": 2,
      "client": 26,
      "description": "Тестове замовлення",
      "is_completed": true,
      "performers": [
        13
      ],
      "norm_hours": 2.5,
      "date": "2026-05-12"
    }
  },
  {
    "model": "crm.order",
    "pk": 37,
    "fields": {
      "category": 1,
      "client": 20,
      "description": "Тестове замовлення",
      "is_completed": false,
      "performers": [
        14
      ],
      "norm_hours": 2.5,
      "date": "2026-05-12"
    }
  },
  {
    "model": "crm.order",
    "pk": 38,
    "fields": {
      "category": 2,
      "client": 23,
      "description": "Тестове замовлення",
      "is_completed": true,
      "performers": [
        11
      ],
      "norm_hours": 2.5,
      "date": "2026-05-12"
    }
  },
  {
    "model": "crm.order",
    "pk": 39,
    "fields": {
      "category": 1,
      "client": 25,
      "description": "Тестове замовлення",
      "is_completed": true,
      "performers": [
        3
      ],
      "norm_hours": 2.5,
      "date": "2026-05-12"
    }
  },
  {
    "model": "crm.order",
    "pk": 40,
    "fields": {
      "category": 1,
      "client": 29,
      "description": "Тестове замовлення",
      "is_completed": false,
      "performers": [
        7
      ],
      "norm_hours": 2.5,
      "date": "2026-05-12"
    }
  }
]